Workbook

Sheet TITULO
B14: FORMATO REQUERIMIENTOS
B15: ANTEPROYECTO POA 2027

Sheet 4,01
A14: Recursos a presupuestar Por todas las dependencias.
A15: Requisición General de materiales y equipos de oficina (401).
E19: META FISICA
A20: CODIGO | B20: DESCRIPCION | C20: UNIDAD DE MEDIDA | D20: PRECIO | E20: ENERO | F20: FERERO | G20: MARZO | H20: ABRIL | I20: MAYO | J20: JUNIO | K20: JULIO | L20: AGOST | M20: SEPT | N20: OCT | O20: NOV | P20: DIC | Q20: TOTAL CANT | R20: TOTAL PRECIO | S20: PRECIO UNIT. EN $ | T20: TOTAL PRECIO EN $
V72: CANTIDAD TOTAL
V73: enero | W73: febrero | X73: marzo | Y73: abril | Z73: mayo | AA73: junio | AB73: julio | AC73: agosto | AD73: septiembre | AE73: octubre | AF73: noviembre | AG73: diciembre
V74: =SUM(E21:E100) -> 0 | W74: =SUM(F21:F100) -> 0 | X74: =SUM(G21:G100) -> 0 | Y74: =SUM(H21:H100) -> 0 | Z74: =SUM(I21:I100) -> 0 | AA74: =SUM(J21:J100) -> 0 | AB74: =SUM(K21:K100) -> 0 | AC74: =SUM(L21:L100) -> 0 | ... AG74: =SUM(P21:P100) -> 0 | AH74: =SUM(D21:D100) -> 0 | AI74: =SUM(R21:R100) -> 0 | AJ74: =SUM(S21:S100) -> 0
H254: Atentamente

Sheet 4,02
A14: Recursos a presupuestar Por todas las dependencias.
A16: Requisición General de materiales y equipos de oficina (402).
E19: META FISICA
A20: CODIGO | B20: DESCRIPCION | C20: UNIDAD DE MEDIDA | D20: PRECIO | E20: ENE. | F20: FEB. | G20: MAR. | H20: ABR. | I20: MAY. | J20: JUN. | K20: JUL. | L20: AGO. | M20: SEPT | N20: OCT | O20: NOV | P20: DIC | Q20: TOTAL CANT | R20: TOTAL PRECIO | S20: PRECIO UNIT. EN $ | T20: TOTAL PRECIO EN $
V790: Cantidad Total
V791: enero | W791: febrero | X791: marzo | Y791: abril | Z791: mayo | AA791: junio | AB791: julio | AC791: agosto | AD791: septiembre | AE791: octubre | AF791: noviembre | AG791: diciembre
V792: =SUM(E21:E1000) -> 0 | W792: =SUM(F21:F1000) -> 0 | X792: =SUM(G21:G1000) -> 0 | Y792: =SUM(H21:H1000) -> 0 | Z792: =SUM(I21:I1000) -> 0 | AA792: =SUM(J21:J1000) -> 0 | AB792: =SUM(K21:K1000) -> 0 | AC792: =SUM(L21:L1000) -> 0 | ... AG792: =SUM(P21:P1000) -> 0 | AH792: =SUM(D21:D1000) -> 0 | AI792: =SUM(R21:R1000) -> 0 | AJ792: =SUM(S21:S1000) -> 0
H1002: Atentamente

Sheet 4,03
B14: Recursos a presupuestar Por todas las dependencias.
B15: Requisición General de materiales y equipos de oficina (403).
E19: METAS FISICAS
A20: CODIGO | B20: DESCRIPCION | C20: UNIDAD DE MEDIDA | D20: PRECIO UNIT. | E20: ENERO | F20: FERERO | G20: MARZO | H20: ABRIL | I20: MAYO | J20: JUNIO | K20: JULIO | L20: AGOST | M20: SEPT | N20: OCT | O20: NOV | P20: DIC | Q20: TOTAL CANT | R20: TOTAL PRECIO | S20: PRECIO UNIT EN $ | T20: TOTAL PRECIO EN $
V126: Cantidad Total
V127: enero | W127: febrero | X127: marzo | Y127: abril | Z127: mayo | AA127: junio | AB127: julio | AC127: agosto | AD127: septiembre | AE127: octubre | AF127: noviembre | AG127: diciembre
V128: =SUM(E21:E300) -> 0 | W128: =SUM(F21:F300) -> 0 | X128: =SUM(G21:G300) -> 0 | Y128: =SUM(H21:H300) -> 0 | Z128: =SUM(I21:I300) -> 0 | AA128: =SUM(J21:J300) -> 0 | AB128: =SUM(K21:K300) -> 0 | AC128: =SUM(L21:L300) -> 0 | ... AG128: =SUM(P21:P300) -> 0 | AH128: =SUM(D21:D300) -> 0 | AI128: =SUM(R21:R300) -> 0 | AJ128: =SUM(S21:S300) -> 0
H359: Atentamnte

Sheet 4,04
B14: Recursos a presupuestar Por todas las dependencias.
B15: Requisición General de materiales y equipos de oficina (404)
E19: METAS FISICAS
A20: CODIGO | B20: DESCRIPCION | C20: UNIDAD DE MEDIDA | D20: PRECIO | E20: ENERO | F20: FERERO | G20: MARZO | H20: ABRIL | I20: MAYO | J20: JUNIO | K20: JULIO | L20: AGOST | M20: SEPT | N20: OCT | O20: NOV | P20: DIC | Q20: TOTAL CANT | R20: TOTAL PRECIO | S20: PRECIO UNIT. EN $ | T20: TOTAL PRECIO EN $
V155: Cantidad total
V156: Enero | W156: febrero | X156: marzo | Y156: abril | Z156: mayo | AA156: junio | AB156: julio | AC156: agosto | AD156: septiembre | AE156: octubre | AF156: noviembre | AG156: diciembre
V157: =SUM(E21:E300) -> 0 | W157: =SUM(F21:F300) -> 0 | X157: =SUM(G21:G300) -> 0 | Y157: =SUM(H21:H300) -> 0 | Z157: =SUM(I21:I300) -> 0 | AA157: =SUM(J21:J300) -> 0 | AB157: =SUM(K21:K300) -> 0 | AC157: =SUM(L21:L300) -> 0 | ... AG157: =SUM(P21:P300) -> 0 | AH157: =SUM(D21:D300) -> 0 | AI157: =SUM(R21:R300) -> 0 | AJ157: =SUM(S21:S300) -> 0
H308: Atentamente

Sheet 4,07
B13: DEPENDENCIA:
A14: Recursos a presupuestar Por todas las dependencias.
A15: Requisición General de materiales y equipos de oficina.
E19: METAS FISICAS
A20: CODIGO | B20: DESCRIPCION | C20: UNIDAD DE MEDIDA | D20: PRECIO | E20: ENERO | F20: FERERO | G20: MARZO | H20: ABRIL | I20: MAYO | J20: JUNIO | K20: JULIO | L20: AGOST | M20: SEPT | N20: OCT | O20: NOV | P20: DIC | Q20: TOTAL CANT | R20: TOTAL PRECIO | S20: PRECIO UNIT. EN $ | T20: TOTAL PRECIO EN $
V24: Cantidad Total
V25: enero | W25: febrero | X25: marzo | Y25: abril | Z25: mayo | AA25: junio | AB25: julio | AC25: agosto | AD25: septiembre | AE25: octubre | AF25: noviembre | AG25: diciembre
V26: =SUM(E21:E80) -> 0 | W26: =SUM(F21:F80) -> 0 | X26: =SUM(G21:G80) -> 0 | Y26: =SUM(H21:H80) -> 0 | Z26: =SUM(I21:I80) -> 0 | AA26: =SUM(J21:J80) -> 0 | AB26: =SUM(K21:K80) -> 0 | AC26: =SUM(L21:L80) -> 0 | ... AG26: =SUM(P21:P80) -> 0 | AH26: =SUM(D21:D80) -> 0 | AI26: =SUM(R21:R80) -> 0 | AJ26: =SUM(S21:S80) -> 0
H268: Atentamente

Sheet TOTAL POA
B14: Recursos a presupuestar Por las dependencias. Año 2027
B15: DEPENDECIA:
C16: METAS FISICAS
A17: CODIGO | B17: DESCRIPCION | C17: ENERO | D17: FERERO | E17: MARZO | F17: ABRIL | G17: MAYO | H17: JUNIO | I17: JULIO | J17: AGOST | K17: SEPT | L17: OCT | M17: NOV | N17: DIC | O17: TOTAL CANT | P17: TOTAL PRECIO UNITARIO | Q17: TOTAL PRECIO | R17: PRECIO UNIT. EN $ | S17: TOTAL PRECIO EN $
A18: 401 | B18: NOMINA | C18: ='4,01'!V74 -> 0 | D18: ='4,01'!W74 -> 0 | E18: ='4,01'!X74 -> 0 | F18: ='4,01'!Y74 -> 0 | G18: ='4,01'!Z74 -> 0 | H18: ='4,01'!AA74 -> 0 | I18: ='4,01'!AB74 -> 0 | J18: ='4,01'!AC74 -> 0 | ... N18: ='4,01'!AG74 -> 0 | O18: =SUM(C18:N18) -> 0 | P18: ='4,01'!AH74 -> 0 | Q18: ='4,01'!AI74 -> 0 | R18: ='4,01'!AJ74 -> 0 | S18: =Q18/111.33 -> 0
A19: 402 | B19: MATERIALES Y SUMINISTROS | C19: ='4,02'!V792 -> 0 | D19: ='4,02'!W792 -> 0 | E19: ='4,02'!X792 -> 0 | F19: ='4,02'!Y792 -> 0 | G19: ='4,02'!Z792 -> 0 | H19: ='4,02'!AA792 -> 0 | I19: ='4,02'!AB792 -> 0 | J19: ='4,02'!AC792 -> 0 | ... N19: ='4,02'!AG792 -> 0 | O19: =SUM(C19:N19) -> 0 | P19: ='4,02'!AH792 -> 0 | Q19: ='4,02'!AI792 -> 0 | R19: ='4,02'!AJ792 -> 0 | S19: =Q19/111.33 -> 0
A20: 403 | B20: SERVICIOS | C20: ='4,03'!V128 -> 0 | D20: ='4,03'!W128 -> 0 | E20: ='4,03'!X128 -> 0 | F20: ='4,03'!Y128 -> 0 | G20: ='4,03'!Z128 -> 0 | H20: ='4,03'!AA128 -> 0 | I20: ='4,03'!AB128 -> 0 | J20: ='4,03'!AC128 -> 0 | ... N20: ='4,03'!AG128 -> 0 | O20: =SUM(C20:N20) -> 0 | P20: ='4,03'!AH128 -> 0 | Q20: ='4,03'!AI128 -> 0 | R20: ='4,03'!AJ128 -> 0 | S20: =Q20/111.33 -> 0
A21: 404 | B21: ACTIVOS | C21: ='4,04'!V157 -> 0 | D21: ='4,04'!W157 -> 0 | E21: ='4,04'!X157 -> 0 | F21: ='4,04'!Y157 -> 0 | G21: ='4,04'!Z157 -> 0 | H21: ='4,04'!AA157 -> 0 | I21: ='4,04'!AB157 -> 0 | J21: ='4,04'!AC157 -> 0 | ... N21: ='4,04'!AG157 -> 0 | O21: =SUM(C21:N21) -> 0 | P21: ='4,04'!AH157 -> 0 | Q21: ='4,04'!AI157 -> 0 | R21: ='4,04'!AJ157 -> 0 | S21: =Q21/111.33 -> 0
A22: 407 | B22: PROVIDENCIAS ESTUDIANTILES | C22: ='4,07'!V26 -> 0 | D22: ='4,07'!W26 -> 0 | E22: ='4,07'!X26 -> 0 | F22: ='4,07'!Y26 -> 0 | G22: ='4,07'!Z26 -> 0 | H22: ='4,07'!AA26 -> 0 | I22: ='4,07'!AB26 -> 0 | J22: ='4,07'!AC26 -> 0 | ... N22: ='4,07'!AG26 -> 0 | O22: =SUM(C22:N22) -> 0 | P22: ='4,07'!AH26 -> 0 | Q22: ='4,07'!AI26 -> 0 | R22: ='4,07'!AJ26 -> 0 | S22: =Q22/111.33 -> 0
A23: TOTAL POA | C23: =SUM(C18:C22) -> 0 | D23: =SUM(D18:D22) -> 0 | E23: =SUM(E18:E22) -> 0 | F23: =SUM(F18:F22) -> 0 | G23: =SUM(G18:G22) -> 0 | H23: =SUM(H18:H22) -> 0 | I23: =SUM(I18:I22) -> 0 | J23: =SUM(J18:J22) -> 0 | ... O23: =SUM(O18:O22) -> 0 | P23: =SUM(P19:P22) -> 0 | Q23: =SUM(Q18:Q22) -> 0 | R23: =SUM(R18:R22) -> 0 | S23: =SUM(S18:S22) -> 0
